customer_id,tenure_months,monthly_charge,support_calls,contract,payment_method,churn
DEMO-0000,7.0,24.24,3.0,monthly,manual,0
DEMO-0001,56.0,108.41,1.0,monthly,bank_transfer,1
DEMO-0002,48.0,90.96,3.0,annual,card,1
DEMO-0003,32.0,37.31,3.0,annual,card,0
DEMO-0004,32.0,29.17,2.0,monthly,bank_transfer,1
DEMO-0005,62.0,38.35,1.0,annual,bank_transfer,0
DEMO-0006,7.0,118.0,1.0,monthly,manual,1
DEMO-0007,51.0,65.86,4.0,monthly,bank_transfer,1
DEMO-0008,15.0,98.41,4.0,monthly,manual,1
DEMO-0009,7.0,83.64,0.0,annual,card,0
DEMO-0010,38.0,77.24,3.0,monthly,bank_transfer,1
DEMO-0011,71.0,34.51,3.0,monthly,manual,0
DEMO-0012,53.0,114.6,2.0,monthly,card,1
DEMO-0013,55.0,50.13,0.0,annual,card,0
DEMO-0014,52.0,77.8,1.0,monthly,manual,1
DEMO-0015,57.0,89.98,3.0,annual,bank_transfer,1
DEMO-0016,37.0,84.92,1.0,annual,manual,0
DEMO-0017,10.0,114.06,2.0,annual,bank_transfer,1
DEMO-0018,61.0,34.84,2.0,annual,,0
DEMO-0019,33.0,70.84,6.0,monthly,manual,1
DEMO-0020,37.0,60.4,6.0,monthly,manual,0
DEMO-0021,27.0,67.42,2.0,annual,card,0
DEMO-0022,14.0,31.92,1.0,monthly,bank_transfer,1
DEMO-0023,67.0,33.41,0.0,monthly,card,0
DEMO-0024,57.0,47.81,4.0,monthly,card,1
DEMO-0025,47.0,50.47,1.0,annual,card,0
DEMO-0026,29.0,62.79,2.0,annual,bank_transfer,0
DEMO-0027,60.0,,3.0,monthly,bank_transfer,0
DEMO-0028,40.0,83.46,1.0,annual,manual,1
DEMO-0029,32.0,61.18,1.0,annual,card,0
DEMO-0030,33.0,60.88,3.0,annual,bank_transfer,1
DEMO-0031,17.0,41.76,5.0,annual,manual,1
DEMO-0032,7.0,78.83,1.0,annual,manual,1
DEMO-0033,40.0,51.7,4.0,monthly,card,0
DEMO-0034,64.0,23.61,3.0,annual,manual,0
DEMO-0035,5.0,61.84,2.0,monthly,card,0
DEMO-0036,62.0,67.41,2.0,monthly,bank_transfer,1
DEMO-0037,60.0,42.56,2.0,annual,bank_transfer,1
DEMO-0038,20.0,,3.0,annual,manual,0
DEMO-0039,46.0,76.58,1.0,monthly,manual,0
DEMO-0040,12.0,90.2,1.0,annual,manual,1
DEMO-0041,55.0,84.79,1.0,monthly,manual,0
DEMO-0042,51.0,85.24,4.0,monthly,bank_transfer,1
DEMO-0043,26.0,51.62,4.0,monthly,manual,1
DEMO-0044,5.0,98.74,3.0,annual,card,1
DEMO-0045,70.0,74.91,3.0,monthly,bank_transfer,1
DEMO-0046,33.0,63.14,4.0,monthly,card,1
DEMO-0047,65.0,82.6,1.0,annual,manual,0
DEMO-0048,49.0,56.07,1.0,monthly,manual,0
DEMO-0049,57.0,71.27,3.0,annual,manual,0
DEMO-0050,55.0,93.67,2.0,monthly,manual,1
DEMO-0051,15.0,108.64,3.0,monthly,card,1
DEMO-0052,27.0,112.11,1.0,annual,manual,1
DEMO-0053,34.0,70.36,2.0,monthly,bank_transfer,0
DEMO-0054,36.0,72.03,1.0,monthly,manual,0
DEMO-0055,4.0,99.99,0.0,monthly,manual,1
DEMO-0056,40.0,51.45,2.0,monthly,bank_transfer,0
DEMO-0057,12.0,103.74,4.0,monthly,card,1
DEMO-0058,54.0,69.41,2.0,monthly,bank_transfer,0
DEMO-0059,50.0,31.59,1.0,annual,bank_transfer,0
DEMO-0060,67.0,27.21,1.0,monthly,manual,0
DEMO-0061,54.0,104.2,2.0,monthly,bank_transfer,1
DEMO-0062,27.0,25.56,0.0,monthly,bank_transfer,0
DEMO-0063,70.0,48.06,1.0,annual,bank_transfer,0
DEMO-0064,30.0,53.41,1.0,annual,card,0
DEMO-0065,24.0,37.3,6.0,annual,card,0
DEMO-0066,66.0,51.39,4.0,monthly,card,0
DEMO-0067,27.0,94.27,0.0,annual,bank_transfer,0
DEMO-0068,6.0,21.47,2.0,monthly,bank_transfer,0
DEMO-0069,34.0,102.72,3.0,annual,manual,0
DEMO-0070,58.0,105.65,4.0,monthly,manual,1
DEMO-0071,14.0,57.23,2.0,monthly,card,1
DEMO-0072,34.0,35.36,3.0,annual,card,0
DEMO-0073,10.0,80.08,2.0,monthly,bank_transfer,1
DEMO-0074,50.0,31.97,1.0,monthly,manual,0
DEMO-0075,35.0,56.49,4.0,monthly,card,1
DEMO-0076,24.0,115.84,2.0,annual,card,1
DEMO-0077,17.0,119.55,1.0,annual,card,1
DEMO-0078,41.0,97.21,2.0,annual,bank_transfer,0
DEMO-0079,49.0,51.1,2.0,annual,manual,1
DEMO-0080,68.0,88.77,2.0,monthly,manual,0
DEMO-0081,32.0,90.54,4.0,monthly,bank_transfer,1
DEMO-0082,12.0,58.78,0.0,monthly,card,1
DEMO-0083,60.0,84.09,2.0,monthly,bank_transfer,0
DEMO-0084,46.0,21.07,1.0,monthly,bank_transfer,0
DEMO-0085,51.0,40.91,1.0,monthly,card,0
DEMO-0086,8.0,72.51,2.0,monthly,manual,1
DEMO-0087,23.0,36.38,1.0,annual,manual,0
DEMO-0088,56.0,36.59,3.0,monthly,card,1
DEMO-0089,60.0,103.63,3.0,annual,card,0
DEMO-0090,32.0,118.91,3.0,monthly,card,1
DEMO-0091,58.0,75.6,0.0,annual,manual,0
DEMO-0092,61.0,103.91,1.0,annual,bank_transfer,0
DEMO-0093,28.0,119.03,1.0,annual,card,1
DEMO-0094,65.0,34.16,4.0,monthly,card,0
DEMO-0095,21.0,64.82,1.0,monthly,card,1
DEMO-0096,18.0,59.26,0.0,annual,bank_transfer,0
DEMO-0097,50.0,28.0,2.0,annual,manual,0
DEMO-0098,46.0,95.53,2.0,monthly,card,1
DEMO-0099,11.0,63.38,1.0,annual,card,0
DEMO-0100,60.0,66.93,3.0,monthly,bank_transfer,1
DEMO-0101,15.0,35.07,2.0,monthly,manual,0
DEMO-0102,58.0,38.09,3.0,monthly,bank_transfer,0
DEMO-0103,1.0,110.71,0.0,annual,card,1
DEMO-0104,58.0,24.46,5.0,annual,card,0
DEMO-0105,57.0,43.29,3.0,monthly,manual,0
DEMO-0106,57.0,49.21,0.0,annual,manual,1
DEMO-0107,48.0,69.02,1.0,annual,manual,0
DEMO-0108,34.0,78.64,2.0,monthly,bank_transfer,1
DEMO-0109,51.0,69.33,3.0,annual,manual,0
DEMO-0110,20.0,28.41,2.0,annual,bank_transfer,0
DEMO-0111,57.0,44.37,6.0,annual,card,0
DEMO-0112,41.0,104.36,2.0,monthly,bank_transfer,1
DEMO-0113,34.0,83.76,2.0,annual,manual,0
DEMO-0114,37.0,84.91,4.0,monthly,bank_transfer,1
DEMO-0115,41.0,87.02,3.0,monthly,manual,1
DEMO-0116,3.0,96.29,1.0,annual,manual,1
DEMO-0117,11.0,25.81,2.0,annual,card,0
DEMO-0118,18.0,56.66,1.0,annual,card,0
DEMO-0119,9.0,73.95,2.0,annual,card,0
DEMO-0120,32.0,53.85,2.0,annual,manual,0
DEMO-0121,49.0,104.45,3.0,annual,manual,0
DEMO-0122,48.0,68.26,2.0,monthly,card,1
DEMO-0123,34.0,96.86,2.0,annual,card,0
DEMO-0124,62.0,105.2,0.0,monthly,bank_transfer,1
DEMO-0125,41.0,70.48,5.0,monthly,bank_transfer,1
DEMO-0126,6.0,110.96,2.0,annual,manual,1
DEMO-0127,56.0,78.71,4.0,annual,manual,1
DEMO-0128,42.0,105.03,4.0,monthly,card,1
DEMO-0129,46.0,54.06,1.0,annual,card,0
DEMO-0130,41.0,69.88,0.0,annual,bank_transfer,1
DEMO-0131,40.0,73.14,0.0,monthly,bank_transfer,0
DEMO-0132,7.0,30.5,1.0,annual,manual,0
DEMO-0133,41.0,59.86,0.0,monthly,bank_transfer,0
DEMO-0134,58.0,111.73,5.0,annual,bank_transfer,1
DEMO-0135,22.0,83.08,3.0,annual,card,0
DEMO-0136,44.0,37.75,1.0,annual,card,0
DEMO-0137,3.0,53.89,2.0,annual,manual,1
DEMO-0138,26.0,39.16,2.0,annual,manual,0
DEMO-0139,32.0,22.48,2.0,annual,card,0
DEMO-0140,71.0,112.75,2.0,monthly,manual,1
DEMO-0141,16.0,64.82,3.0,monthly,bank_transfer,0
DEMO-0142,20.0,50.75,2.0,monthly,bank_transfer,1
DEMO-0143,30.0,79.85,2.0,annual,manual,0
DEMO-0144,72.0,20.73,3.0,annual,manual,0
DEMO-0145,62.0,47.8,2.0,monthly,card,0
DEMO-0146,3.0,90.3,1.0,monthly,card,0
DEMO-0147,17.0,83.38,3.0,annual,manual,1
DEMO-0148,60.0,118.18,3.0,annual,manual,1
DEMO-0149,5.0,82.04,4.0,monthly,card,1
DEMO-0150,62.0,67.75,0.0,annual,manual,0
DEMO-0151,21.0,96.14,3.0,annual,bank_transfer,0
DEMO-0152,67.0,110.33,3.0,annual,bank_transfer,0
DEMO-0153,22.0,92.07,1.0,annual,card,1
DEMO-0154,32.0,116.32,0.0,annual,manual,1
DEMO-0155,48.0,98.2,3.0,annual,manual,0
DEMO-0156,10.0,106.68,1.0,annual,,0
DEMO-0157,41.0,31.41,2.0,annual,manual,0
DEMO-0158,37.0,93.24,2.0,monthly,manual,1
DEMO-0159,57.0,64.01,3.0,monthly,manual,0
DEMO-0160,72.0,75.31,4.0,monthly,manual,0
DEMO-0161,48.0,85.41,1.0,annual,manual,1
DEMO-0162,30.0,116.98,7.0,monthly,manual,1
DEMO-0163,30.0,118.46,2.0,annual,manual,1
DEMO-0164,31.0,48.82,5.0,monthly,bank_transfer,0
DEMO-0165,59.0,93.38,2.0,monthly,manual,1
DEMO-0166,24.0,95.0,2.0,monthly,card,1
DEMO-0167,13.0,54.65,2.0,annual,bank_transfer,0
DEMO-0168,25.0,32.39,0.0,monthly,bank_transfer,0
DEMO-0169,2.0,24.09,2.0,annual,manual,0
DEMO-0170,8.0,97.73,2.0,annual,card,1
DEMO-0171,7.0,68.97,0.0,annual,bank_transfer,0
DEMO-0172,56.0,118.55,1.0,monthly,card,1
DEMO-0173,53.0,66.5,2.0,annual,manual,0
DEMO-0174,51.0,117.79,0.0,annual,manual,1
DEMO-0175,34.0,61.16,1.0,monthly,card,0
DEMO-0176,52.0,99.37,1.0,monthly,manual,0
DEMO-0177,12.0,28.48,2.0,annual,bank_transfer,0
DEMO-0178,65.0,75.55,0.0,annual,manual,0
DEMO-0179,37.0,100.21,2.0,monthly,manual,1
DEMO-0180,68.0,112.47,2.0,monthly,card,1
DEMO-0181,11.0,102.26,1.0,monthly,card,0
DEMO-0182,36.0,23.7,4.0,annual,,0
DEMO-0183,51.0,57.27,2.0,monthly,card,1
DEMO-0184,36.0,24.87,1.0,monthly,card,1
DEMO-0185,33.0,30.93,2.0,monthly,manual,1
DEMO-0186,12.0,87.53,3.0,monthly,manual,1
DEMO-0187,28.0,91.33,2.0,monthly,bank_transfer,1
DEMO-0188,18.0,97.37,2.0,monthly,card,1
DEMO-0189,22.0,106.55,0.0,annual,card,1
DEMO-0190,50.0,93.94,1.0,annual,manual,0
DEMO-0191,46.0,100.09,1.0,monthly,,1
DEMO-0192,44.0,24.9,4.0,monthly,card,0
DEMO-0193,27.0,43.45,2.0,monthly,bank_transfer,0
DEMO-0194,70.0,82.19,5.0,annual,bank_transfer,0
DEMO-0195,7.0,105.81,3.0,monthly,bank_transfer,1
DEMO-0196,25.0,20.45,1.0,monthly,bank_transfer,0
DEMO-0197,9.0,71.46,1.0,annual,manual,0
DEMO-0198,25.0,87.73,4.0,monthly,bank_transfer,1
DEMO-0199,70.0,22.96,3.0,monthly,,0
DEMO-0200,27.0,60.14,1.0,monthly,bank_transfer,1
DEMO-0201,66.0,109.56,3.0,monthly,bank_transfer,1
DEMO-0202,36.0,87.16,2.0,annual,bank_transfer,1
DEMO-0203,51.0,43.77,3.0,annual,manual,0
DEMO-0204,33.0,105.28,2.0,monthly,manual,1
DEMO-0205,20.0,54.8,2.0,monthly,card,1
DEMO-0206,56.0,105.33,2.0,monthly,manual,1
DEMO-0207,70.0,49.89,3.0,annual,manual,0
DEMO-0208,19.0,79.03,3.0,monthly,manual,0
DEMO-0209,57.0,59.69,2.0,monthly,card,1
DEMO-0210,19.0,47.48,1.0,annual,manual,0
DEMO-0211,52.0,108.66,0.0,monthly,card,0
DEMO-0212,57.0,38.76,1.0,monthly,card,0
DEMO-0213,33.0,28.48,2.0,monthly,manual,1
DEMO-0214,54.0,54.19,1.0,annual,card,0
DEMO-0215,20.0,91.76,3.0,annual,manual,1
DEMO-0216,6.0,100.74,0.0,annual,bank_transfer,1
DEMO-0217,7.0,119.87,1.0,monthly,card,1
DEMO-0218,33.0,49.64,2.0,annual,card,0
DEMO-0219,65.0,60.79,2.0,annual,manual,0
DEMO-0220,10.0,,2.0,monthly,manual,1
DEMO-0221,33.0,77.49,0.0,monthly,bank_transfer,1
DEMO-0222,51.0,119.76,2.0,monthly,manual,1
DEMO-0223,15.0,90.09,2.0,annual,card,1
DEMO-0224,52.0,,4.0,monthly,bank_transfer,1
DEMO-0225,23.0,59.24,2.0,monthly,card,1
DEMO-0226,59.0,111.53,2.0,annual,bank_transfer,0
DEMO-0227,42.0,69.69,2.0,monthly,card,0
DEMO-0228,40.0,33.44,3.0,annual,bank_transfer,0
DEMO-0229,13.0,56.54,0.0,monthly,bank_transfer,1
DEMO-0230,34.0,26.72,2.0,monthly,bank_transfer,0
DEMO-0231,62.0,40.2,0.0,annual,bank_transfer,0
DEMO-0232,2.0,21.77,4.0,annual,bank_transfer,0
DEMO-0233,55.0,65.33,3.0,monthly,bank_transfer,1
DEMO-0234,36.0,83.45,4.0,annual,card,0
DEMO-0235,52.0,54.33,1.0,annual,card,0
DEMO-0236,48.0,62.04,1.0,monthly,bank_transfer,0
DEMO-0237,32.0,115.92,1.0,annual,manual,0
DEMO-0238,23.0,95.2,2.0,monthly,manual,1
DEMO-0239,46.0,74.09,2.0,annual,bank_transfer,1
DEMO-0240,11.0,48.45,3.0,monthly,manual,1
DEMO-0241,43.0,109.7,2.0,monthly,manual,0
DEMO-0242,7.0,43.51,1.0,annual,bank_transfer,0
DEMO-0243,47.0,52.53,2.0,annual,card,0
DEMO-0244,46.0,110.91,6.0,monthly,bank_transfer,1
DEMO-0245,7.0,72.95,1.0,annual,bank_transfer,0
DEMO-0246,55.0,94.23,1.0,monthly,card,0
DEMO-0247,30.0,79.07,1.0,annual,manual,1
DEMO-0248,57.0,85.34,2.0,annual,manual,1
DEMO-0249,3.0,49.94,0.0,annual,card,1
DEMO-0250,13.0,44.14,1.0,annual,,0
DEMO-0251,36.0,52.25,0.0,annual,card,0
DEMO-0252,14.0,35.54,1.0,annual,card,1
DEMO-0253,24.0,107.43,2.0,annual,card,1
DEMO-0254,48.0,48.32,1.0,monthly,bank_transfer,0
DEMO-0255,11.0,76.15,0.0,annual,card,1
DEMO-0256,49.0,,4.0,annual,card,1
DEMO-0257,8.0,98.38,2.0,monthly,bank_transfer,1
DEMO-0258,13.0,63.84,6.0,annual,bank_transfer,1
DEMO-0259,43.0,67.63,1.0,annual,card,0
DEMO-0260,58.0,119.47,2.0,monthly,bank_transfer,0
DEMO-0261,13.0,87.46,1.0,monthly,card,1
DEMO-0262,22.0,101.46,4.0,monthly,manual,1
DEMO-0263,67.0,110.26,1.0,annual,bank_transfer,0
DEMO-0264,72.0,98.76,0.0,annual,manual,1
DEMO-0265,42.0,38.52,1.0,annual,card,0
DEMO-0266,33.0,76.22,3.0,annual,manual,1
DEMO-0267,25.0,30.19,2.0,monthly,bank_transfer,1
DEMO-0268,45.0,85.29,2.0,annual,card,0
DEMO-0269,43.0,115.53,1.0,monthly,manual,1
DEMO-0270,22.0,71.27,2.0,monthly,card,1
DEMO-0271,2.0,63.3,5.0,monthly,card,1
DEMO-0272,11.0,23.58,1.0,annual,manual,0
DEMO-0273,70.0,115.98,2.0,monthly,card,1
DEMO-0274,31.0,30.3,2.0,monthly,bank_transfer,1
DEMO-0275,35.0,24.11,2.0,monthly,card,1
DEMO-0276,34.0,44.61,2.0,monthly,card,1
DEMO-0277,57.0,26.55,1.0,annual,,0
DEMO-0278,5.0,65.51,1.0,annual,card,0
DEMO-0279,6.0,71.61,3.0,annual,bank_transfer,1
DEMO-0280,20.0,51.26,3.0,annual,bank_transfer,0
DEMO-0281,36.0,25.1,0.0,annual,card,0
DEMO-0282,49.0,31.16,5.0,annual,bank_transfer,0
DEMO-0283,36.0,58.45,0.0,monthly,card,1
DEMO-0284,32.0,26.05,3.0,annual,bank_transfer,1
DEMO-0285,68.0,89.82,2.0,annual,manual,0
DEMO-0286,12.0,40.7,3.0,annual,manual,0
DEMO-0287,42.0,50.21,0.0,monthly,manual,1
DEMO-0288,40.0,59.41,3.0,monthly,card,1
DEMO-0289,35.0,61.66,3.0,annual,card,0
DEMO-0290,59.0,20.17,1.0,annual,manual,0
DEMO-0291,20.0,31.21,2.0,monthly,card,0
DEMO-0292,69.0,106.28,1.0,annual,manual,0
DEMO-0293,24.0,20.12,1.0,monthly,bank_transfer,0
DEMO-0294,40.0,70.82,2.0,annual,card,0
DEMO-0295,38.0,68.95,3.0,monthly,manual,1
DEMO-0296,62.0,53.31,5.0,monthly,bank_transfer,0
DEMO-0297,32.0,63.13,4.0,annual,manual,0
DEMO-0298,21.0,98.06,1.0,annual,bank_transfer,1
DEMO-0299,2.0,104.12,5.0,monthly,card,1
DEMO-0300,27.0,46.03,3.0,monthly,manual,0
DEMO-0301,60.0,52.25,1.0,annual,card,0
DEMO-0302,1.0,44.25,3.0,monthly,bank_transfer,0
DEMO-0303,65.0,67.99,2.0,annual,bank_transfer,0
DEMO-0304,40.0,88.33,0.0,annual,manual,0
DEMO-0305,11.0,42.83,3.0,annual,manual,0
DEMO-0306,22.0,53.07,3.0,monthly,bank_transfer,1
DEMO-0307,40.0,113.04,1.0,monthly,manual,1
DEMO-0308,23.0,24.86,1.0,annual,card,0
DEMO-0309,8.0,66.08,0.0,monthly,card,1
DEMO-0310,48.0,91.16,4.0,annual,manual,0
DEMO-0311,49.0,35.05,2.0,monthly,bank_transfer,0
DEMO-0312,9.0,24.74,4.0,annual,bank_transfer,1
DEMO-0313,21.0,33.82,1.0,monthly,card,1
DEMO-0314,18.0,111.88,1.0,annual,card,0
DEMO-0315,48.0,20.93,1.0,annual,manual,0
DEMO-0316,53.0,38.83,2.0,monthly,manual,0
DEMO-0317,53.0,23.13,0.0,monthly,manual,0
DEMO-0318,68.0,31.06,1.0,monthly,bank_transfer,0
DEMO-0319,56.0,82.01,2.0,monthly,bank_transfer,0
DEMO-0320,24.0,44.16,1.0,monthly,card,0
DEMO-0321,8.0,76.92,2.0,monthly,,1
DEMO-0322,45.0,79.02,1.0,annual,bank_transfer,0
DEMO-0323,66.0,104.94,3.0,annual,bank_transfer,0
DEMO-0324,71.0,20.47,1.0,monthly,card,0
DEMO-0325,17.0,105.34,1.0,monthly,bank_transfer,1
DEMO-0326,18.0,81.91,3.0,monthly,bank_transfer,1
DEMO-0327,3.0,36.27,2.0,annual,manual,0
DEMO-0328,11.0,97.29,0.0,monthly,manual,1
DEMO-0329,40.0,105.55,0.0,monthly,bank_transfer,0
DEMO-0330,40.0,45.43,2.0,monthly,bank_transfer,0
DEMO-0331,27.0,111.88,3.0,annual,manual,1
DEMO-0332,23.0,65.45,2.0,monthly,manual,1
DEMO-0333,60.0,80.34,0.0,annual,card,0
DEMO-0334,34.0,118.46,4.0,monthly,manual,1
DEMO-0335,59.0,56.15,2.0,monthly,card,0
DEMO-0336,70.0,101.32,2.0,monthly,bank_transfer,0
DEMO-0337,23.0,51.84,1.0,monthly,card,1
DEMO-0338,15.0,99.92,1.0,annual,manual,1
DEMO-0339,69.0,80.07,1.0,monthly,card,0
DEMO-0340,46.0,41.64,3.0,monthly,manual,0
DEMO-0341,21.0,61.4,0.0,monthly,card,0
DEMO-0342,45.0,51.76,0.0,annual,card,0
DEMO-0343,38.0,27.81,2.0,monthly,bank_transfer,0
DEMO-0344,66.0,22.98,1.0,annual,manual,0
DEMO-0345,19.0,54.65,3.0,annual,card,1
DEMO-0346,72.0,21.9,3.0,annual,card,0
DEMO-0347,68.0,36.55,0.0,annual,card,0
DEMO-0348,14.0,92.52,6.0,annual,bank_transfer,1
DEMO-0349,12.0,90.81,2.0,monthly,card,1
DEMO-0350,39.0,93.86,5.0,annual,manual,1
DEMO-0351,4.0,51.72,0.0,annual,card,1
DEMO-0352,22.0,109.0,1.0,monthly,manual,1
DEMO-0353,32.0,79.38,0.0,monthly,manual,0
DEMO-0354,70.0,32.6,1.0,annual,manual,0
DEMO-0355,72.0,34.37,2.0,annual,manual,0
DEMO-0356,11.0,89.31,2.0,annual,manual,1
DEMO-0357,65.0,37.29,5.0,monthly,card,0
DEMO-0358,7.0,70.73,3.0,monthly,bank_transfer,1
DEMO-0359,54.0,119.18,4.0,annual,manual,1
DEMO-0360,61.0,20.4,1.0,monthly,bank_transfer,0
DEMO-0361,65.0,21.66,2.0,annual,manual,0
DEMO-0362,17.0,119.31,3.0,annual,manual,1
DEMO-0363,65.0,78.46,4.0,monthly,manual,1
DEMO-0364,9.0,32.69,1.0,annual,card,0
DEMO-0365,38.0,109.73,2.0,monthly,bank_transfer,1
DEMO-0366,34.0,108.04,1.0,monthly,card,1
DEMO-0367,23.0,73.62,1.0,monthly,card,1
DEMO-0368,2.0,82.18,4.0,annual,card,1
DEMO-0369,56.0,47.32,4.0,annual,bank_transfer,0
DEMO-0370,25.0,25.05,0.0,monthly,bank_transfer,1
DEMO-0371,48.0,79.46,1.0,annual,manual,1
DEMO-0372,30.0,49.48,3.0,annual,manual,1
DEMO-0373,27.0,86.36,0.0,annual,manual,0
DEMO-0374,64.0,,2.0,annual,card,0
DEMO-0375,7.0,21.82,2.0,annual,bank_transfer,0
DEMO-0376,54.0,79.57,3.0,annual,manual,0
DEMO-0377,54.0,43.13,4.0,annual,card,0
DEMO-0378,28.0,107.39,2.0,monthly,bank_transfer,1
DEMO-0379,19.0,45.37,4.0,monthly,manual,1
DEMO-0380,1.0,81.08,5.0,monthly,manual,1
DEMO-0381,68.0,75.35,0.0,annual,manual,0
DEMO-0382,69.0,59.62,0.0,annual,bank_transfer,0
DEMO-0383,18.0,87.76,2.0,annual,bank_transfer,0
DEMO-0384,3.0,92.58,1.0,monthly,bank_transfer,1
DEMO-0385,9.0,76.69,1.0,monthly,manual,0
DEMO-0386,5.0,95.84,2.0,monthly,bank_transfer,1
DEMO-0387,60.0,118.34,2.0,annual,bank_transfer,0
DEMO-0388,65.0,61.93,5.0,monthly,card,1
DEMO-0389,12.0,71.46,0.0,monthly,bank_transfer,0
DEMO-0390,54.0,21.25,4.0,annual,card,0
DEMO-0391,13.0,99.6,2.0,monthly,bank_transfer,1
DEMO-0392,27.0,72.02,1.0,annual,manual,1
DEMO-0393,44.0,60.8,3.0,annual,manual,0
DEMO-0394,52.0,29.41,1.0,monthly,bank_transfer,0
DEMO-0395,63.0,,4.0,monthly,manual,1
DEMO-0396,4.0,59.5,1.0,monthly,manual,1
DEMO-0397,15.0,88.26,1.0,monthly,bank_transfer,0
DEMO-0398,21.0,34.94,0.0,monthly,manual,0
DEMO-0399,23.0,116.15,4.0,monthly,bank_transfer,1
DEMO-0400,72.0,37.84,1.0,monthly,manual,0
DEMO-0401,56.0,39.95,0.0,annual,bank_transfer,0
DEMO-0402,24.0,105.9,2.0,monthly,card,0
DEMO-0403,70.0,111.26,4.0,annual,card,0
DEMO-0404,36.0,41.21,2.0,annual,manual,0
DEMO-0405,37.0,66.98,1.0,monthly,card,1
DEMO-0406,32.0,93.35,1.0,annual,manual,0
DEMO-0407,11.0,107.84,1.0,monthly,card,1
DEMO-0408,68.0,57.91,2.0,annual,bank_transfer,0
DEMO-0409,2.0,71.7,3.0,monthly,bank_transfer,1
DEMO-0410,13.0,94.17,1.0,annual,bank_transfer,0
DEMO-0411,17.0,93.11,2.0,annual,card,0
DEMO-0412,21.0,98.3,4.0,annual,card,0
DEMO-0413,10.0,76.99,2.0,monthly,bank_transfer,1
DEMO-0414,2.0,30.46,1.0,annual,bank_transfer,0
DEMO-0415,49.0,110.4,2.0,annual,manual,0
DEMO-0416,70.0,106.56,4.0,annual,bank_transfer,0
DEMO-0417,9.0,99.81,1.0,annual,card,1
DEMO-0418,22.0,,5.0,monthly,card,0
DEMO-0419,37.0,40.44,3.0,monthly,bank_transfer,1
DEMO-0420,67.0,94.36,1.0,annual,bank_transfer,0
DEMO-0421,50.0,22.31,1.0,annual,manual,0
DEMO-0422,56.0,117.92,4.0,annual,bank_transfer,0
DEMO-0423,42.0,57.71,1.0,annual,bank_transfer,0
DEMO-0424,31.0,91.93,2.0,annual,card,0
DEMO-0425,15.0,108.76,3.0,annual,card,1
DEMO-0426,63.0,59.46,6.0,monthly,manual,0
DEMO-0427,58.0,51.91,4.0,monthly,bank_transfer,1
DEMO-0428,2.0,80.87,1.0,monthly,bank_transfer,1
DEMO-0429,52.0,78.1,2.0,annual,bank_transfer,0
DEMO-0430,7.0,60.91,1.0,annual,card,1
DEMO-0431,54.0,80.18,3.0,annual,bank_transfer,0
DEMO-0432,60.0,113.54,3.0,monthly,bank_transfer,0
DEMO-0433,10.0,66.76,2.0,annual,card,1
DEMO-0434,32.0,39.67,4.0,annual,bank_transfer,1
DEMO-0435,9.0,57.72,2.0,annual,bank_transfer,0
DEMO-0436,41.0,59.41,2.0,monthly,card,0
DEMO-0437,67.0,33.11,2.0,monthly,bank_transfer,0
DEMO-0438,6.0,36.29,6.0,monthly,manual,1
DEMO-0439,29.0,88.46,1.0,annual,card,0
DEMO-0440,71.0,53.95,3.0,annual,manual,0
DEMO-0441,22.0,115.49,3.0,annual,bank_transfer,1
DEMO-0442,10.0,44.36,2.0,monthly,,1
DEMO-0443,36.0,29.89,3.0,monthly,,1
DEMO-0444,37.0,95.35,1.0,annual,manual,1
DEMO-0445,48.0,108.1,1.0,monthly,bank_transfer,0
DEMO-0446,23.0,47.81,1.0,annual,manual,1
DEMO-0447,69.0,40.21,3.0,monthly,manual,0
DEMO-0448,38.0,38.58,1.0,annual,card,0
DEMO-0449,21.0,72.2,2.0,annual,card,0
DEMO-0450,70.0,66.84,2.0,annual,card,0
DEMO-0451,67.0,45.94,2.0,monthly,bank_transfer,0
DEMO-0452,36.0,24.52,1.0,annual,manual,0
DEMO-0453,2.0,68.15,1.0,annual,bank_transfer,1
DEMO-0454,43.0,,2.0,annual,card,1
DEMO-0455,40.0,85.25,2.0,monthly,card,1
DEMO-0456,11.0,69.55,2.0,annual,bank_transfer,0
DEMO-0457,46.0,31.07,1.0,monthly,manual,0
DEMO-0458,61.0,45.24,0.0,monthly,card,0
DEMO-0459,8.0,49.48,3.0,annual,bank_transfer,1
DEMO-0460,53.0,96.48,6.0,annual,bank_transfer,1
DEMO-0461,11.0,107.67,1.0,monthly,card,1
DEMO-0462,54.0,110.16,1.0,monthly,manual,1
DEMO-0463,31.0,118.46,5.0,annual,manual,1
DEMO-0464,1.0,118.24,2.0,annual,bank_transfer,0
DEMO-0465,70.0,115.3,3.0,monthly,manual,1
DEMO-0466,12.0,27.18,1.0,annual,manual,0
DEMO-0467,43.0,33.78,0.0,annual,manual,0
DEMO-0468,14.0,50.45,0.0,annual,card,0
DEMO-0469,68.0,75.29,2.0,monthly,card,0
DEMO-0470,54.0,29.7,4.0,annual,bank_transfer,1
DEMO-0471,58.0,104.58,1.0,annual,card,0
DEMO-0472,32.0,81.68,5.0,annual,card,0
DEMO-0473,34.0,74.24,4.0,annual,bank_transfer,0
DEMO-0474,46.0,36.53,1.0,monthly,bank_transfer,0
DEMO-0475,57.0,45.33,1.0,monthly,card,0
DEMO-0476,61.0,36.03,1.0,monthly,card,0
DEMO-0477,2.0,105.19,1.0,monthly,card,1
DEMO-0478,48.0,78.42,2.0,monthly,bank_transfer,1
DEMO-0479,8.0,93.51,0.0,monthly,manual,1
DEMO-0480,21.0,49.6,2.0,annual,bank_transfer,0
DEMO-0481,60.0,57.13,2.0,annual,card,0
DEMO-0482,19.0,60.49,1.0,annual,bank_transfer,1
DEMO-0483,58.0,96.0,4.0,annual,card,0
DEMO-0484,34.0,97.24,2.0,monthly,card,1
DEMO-0485,17.0,40.68,3.0,monthly,card,0
DEMO-0486,25.0,114.15,2.0,monthly,bank_transfer,1
DEMO-0487,39.0,32.07,1.0,monthly,bank_transfer,1
DEMO-0488,56.0,109.61,3.0,monthly,bank_transfer,0
DEMO-0489,44.0,30.04,1.0,annual,bank_transfer,0
DEMO-0490,68.0,46.45,1.0,annual,bank_transfer,0
DEMO-0491,63.0,,2.0,annual,manual,0
DEMO-0492,55.0,37.95,2.0,monthly,manual,1
DEMO-0493,44.0,61.36,5.0,annual,card,0
DEMO-0494,21.0,64.99,2.0,annual,manual,1
DEMO-0495,30.0,44.53,0.0,monthly,card,0
DEMO-0496,9.0,91.02,1.0,monthly,card,1
DEMO-0497,27.0,105.13,3.0,annual,bank_transfer,1
DEMO-0498,67.0,107.46,2.0,monthly,card,0
DEMO-0499,31.0,53.93,1.0,annual,bank_transfer,0
DEMO-0500,9.0,73.09,1.0,monthly,card,1
DEMO-0501,47.0,44.84,2.0,monthly,bank_transfer,0
DEMO-0502,70.0,44.48,1.0,annual,manual,0
DEMO-0503,63.0,36.13,2.0,monthly,manual,1
DEMO-0504,20.0,114.0,1.0,monthly,card,1
DEMO-0505,33.0,108.8,1.0,monthly,bank_transfer,1
DEMO-0506,39.0,97.74,0.0,monthly,bank_transfer,1
DEMO-0507,18.0,71.77,2.0,annual,bank_transfer,0
DEMO-0508,20.0,,2.0,monthly,bank_transfer,1
DEMO-0509,18.0,72.97,2.0,monthly,manual,1
DEMO-0510,72.0,73.66,3.0,annual,bank_transfer,0
DEMO-0511,54.0,63.46,4.0,annual,card,1
DEMO-0512,61.0,33.18,3.0,monthly,manual,0
DEMO-0513,59.0,,3.0,annual,manual,0
DEMO-0514,70.0,115.22,2.0,monthly,card,1
DEMO-0515,8.0,68.2,2.0,annual,bank_transfer,0
DEMO-0516,64.0,115.32,1.0,annual,manual,1
DEMO-0517,5.0,36.36,0.0,annual,bank_transfer,0
DEMO-0518,35.0,75.44,3.0,monthly,bank_transfer,1
DEMO-0519,43.0,40.77,2.0,monthly,manual,0
DEMO-0520,26.0,45.32,4.0,annual,manual,1
DEMO-0521,11.0,,0.0,annual,bank_transfer,0
DEMO-0522,14.0,31.9,1.0,monthly,card,1
DEMO-0523,60.0,111.68,3.0,monthly,bank_transfer,1
DEMO-0524,23.0,52.15,1.0,monthly,manual,1
DEMO-0525,23.0,80.81,4.0,annual,card,0
DEMO-0526,67.0,66.5,1.0,monthly,bank_transfer,0
DEMO-0527,11.0,60.05,3.0,annual,bank_transfer,1
DEMO-0528,66.0,73.19,0.0,annual,card,1
DEMO-0529,67.0,38.72,4.0,annual,bank_transfer,0
DEMO-0530,44.0,118.86,2.0,monthly,manual,1
DEMO-0531,12.0,101.83,1.0,annual,card,0
DEMO-0532,12.0,94.16,1.0,annual,bank_transfer,0
DEMO-0533,21.0,66.88,2.0,monthly,manual,0
DEMO-0534,42.0,35.29,5.0,annual,card,1
DEMO-0535,12.0,112.07,3.0,annual,bank_transfer,1
DEMO-0536,33.0,,1.0,annual,card,0
DEMO-0537,9.0,25.01,1.0,annual,bank_transfer,0
DEMO-0538,39.0,54.24,1.0,monthly,bank_transfer,0
DEMO-0539,2.0,99.45,3.0,annual,card,1
DEMO-0540,52.0,82.27,3.0,annual,card,0
DEMO-0541,4.0,95.08,2.0,monthly,bank_transfer,1
DEMO-0542,15.0,99.36,2.0,annual,manual,1
DEMO-0543,13.0,41.2,1.0,monthly,card,0
DEMO-0544,60.0,112.38,2.0,annual,manual,1
DEMO-0545,4.0,63.8,0.0,annual,card,1
DEMO-0546,31.0,83.9,4.0,monthly,bank_transfer,1
DEMO-0547,43.0,20.23,3.0,monthly,bank_transfer,1
DEMO-0548,38.0,,1.0,monthly,bank_transfer,1
DEMO-0549,50.0,48.09,3.0,annual,card,1
DEMO-0550,58.0,26.21,1.0,monthly,manual,0
DEMO-0551,29.0,65.83,3.0,annual,card,0
DEMO-0552,60.0,32.9,1.0,monthly,manual,0
DEMO-0553,23.0,35.23,1.0,annual,bank_transfer,0
DEMO-0554,71.0,83.23,3.0,annual,bank_transfer,0
DEMO-0555,37.0,59.29,1.0,monthly,card,0
DEMO-0556,53.0,112.19,3.0,annual,bank_transfer,0
DEMO-0557,64.0,51.92,5.0,annual,manual,1
DEMO-0558,58.0,92.62,1.0,monthly,manual,0
DEMO-0559,62.0,66.11,4.0,monthly,manual,1
DEMO-0560,39.0,86.0,1.0,annual,card,0
DEMO-0561,4.0,79.97,2.0,monthly,bank_transfer,1
DEMO-0562,36.0,67.28,2.0,monthly,bank_transfer,0
DEMO-0563,14.0,115.01,2.0,annual,manual,1
DEMO-0564,65.0,54.27,2.0,annual,manual,0
DEMO-0565,18.0,37.72,6.0,monthly,manual,1
DEMO-0566,17.0,87.81,2.0,monthly,card,1
DEMO-0567,18.0,104.6,0.0,monthly,card,1
DEMO-0568,47.0,24.03,3.0,annual,manual,0
DEMO-0569,42.0,64.96,1.0,monthly,manual,1
DEMO-0570,69.0,109.25,7.0,annual,bank_transfer,0
DEMO-0571,30.0,94.96,0.0,annual,card,0
DEMO-0572,21.0,119.18,1.0,annual,card,0
DEMO-0573,4.0,73.14,2.0,annual,manual,1
DEMO-0574,1.0,86.0,4.0,annual,bank_transfer,1
DEMO-0575,27.0,50.25,1.0,monthly,bank_transfer,0
DEMO-0576,67.0,114.75,2.0,monthly,manual,0
DEMO-0577,38.0,56.63,3.0,monthly,card,1
DEMO-0578,65.0,,1.0,annual,manual,0
DEMO-0579,8.0,60.31,1.0,annual,card,0
DEMO-0580,7.0,76.18,1.0,monthly,manual,1
DEMO-0581,61.0,91.98,2.0,monthly,manual,0
DEMO-0582,8.0,70.89,1.0,annual,bank_transfer,0
DEMO-0583,4.0,110.71,0.0,annual,card,1
DEMO-0584,30.0,,4.0,monthly,card,1
DEMO-0585,67.0,84.71,0.0,annual,card,0
DEMO-0586,50.0,54.24,3.0,annual,manual,1
DEMO-0587,8.0,60.82,2.0,annual,card,0
DEMO-0588,61.0,64.01,2.0,monthly,bank_transfer,0
DEMO-0589,61.0,32.58,5.0,annual,bank_transfer,0
DEMO-0590,58.0,29.17,0.0,annual,manual,0
DEMO-0591,65.0,86.75,2.0,annual,manual,0
DEMO-0592,18.0,85.55,1.0,monthly,bank_transfer,1
DEMO-0593,71.0,86.29,0.0,annual,manual,0
DEMO-0594,24.0,21.98,0.0,annual,bank_transfer,0
DEMO-0595,58.0,52.65,4.0,monthly,bank_transfer,0
DEMO-0596,42.0,39.78,3.0,annual,card,0
DEMO-0597,57.0,97.82,1.0,monthly,card,1
DEMO-0598,46.0,106.06,6.0,annual,bank_transfer,1
DEMO-0599,47.0,44.67,2.0,annual,card,0
DEMO-0600,45.0,86.78,2.0,annual,card,1
DEMO-0601,57.0,32.94,1.0,monthly,bank_transfer,0
DEMO-0602,54.0,47.52,0.0,monthly,bank_transfer,0
DEMO-0603,10.0,33.87,0.0,annual,manual,0
DEMO-0604,60.0,48.35,2.0,monthly,manual,0
DEMO-0605,39.0,,1.0,annual,manual,0
DEMO-0606,24.0,111.03,0.0,annual,card,1
DEMO-0607,38.0,40.25,3.0,annual,bank_transfer,0
DEMO-0608,70.0,74.21,1.0,annual,manual,0
DEMO-0609,62.0,90.14,2.0,monthly,bank_transfer,1
DEMO-0610,61.0,115.29,5.0,annual,bank_transfer,1
DEMO-0611,34.0,81.01,0.0,monthly,bank_transfer,0
DEMO-0612,57.0,45.51,0.0,annual,bank_transfer,0
DEMO-0613,28.0,82.55,0.0,annual,bank_transfer,0
DEMO-0614,50.0,52.05,3.0,annual,card,0
DEMO-0615,47.0,117.61,1.0,monthly,bank_transfer,1
DEMO-0616,18.0,59.97,1.0,annual,card,0
DEMO-0617,20.0,88.54,1.0,annual,manual,1
DEMO-0618,5.0,22.32,3.0,annual,manual,1
DEMO-0619,11.0,60.01,1.0,annual,bank_transfer,0
DEMO-0620,32.0,107.51,1.0,annual,bank_transfer,0
DEMO-0621,35.0,,3.0,annual,manual,1
DEMO-0622,12.0,64.39,1.0,annual,bank_transfer,1
DEMO-0623,31.0,113.59,1.0,annual,bank_transfer,0
DEMO-0624,44.0,105.4,2.0,annual,card,0
DEMO-0625,17.0,52.22,4.0,monthly,card,0
DEMO-0626,25.0,74.45,0.0,monthly,card,0
DEMO-0627,27.0,68.98,4.0,monthly,card,1
DEMO-0628,37.0,83.22,3.0,annual,manual,1
DEMO-0629,27.0,53.41,0.0,annual,bank_transfer,0
DEMO-0630,54.0,44.42,1.0,monthly,manual,0
DEMO-0631,24.0,111.27,2.0,monthly,bank_transfer,1
DEMO-0632,32.0,112.39,0.0,annual,,0
DEMO-0633,28.0,104.33,1.0,monthly,bank_transfer,1
DEMO-0634,14.0,117.82,2.0,monthly,bank_transfer,1
DEMO-0635,50.0,94.5,3.0,monthly,manual,1
DEMO-0636,17.0,96.47,6.0,annual,bank_transfer,1
DEMO-0637,22.0,96.26,2.0,monthly,card,1
DEMO-0638,58.0,68.06,1.0,monthly,,0
DEMO-0639,69.0,65.65,1.0,annual,bank_transfer,0
DEMO-0640,49.0,44.02,1.0,monthly,bank_transfer,1
DEMO-0641,66.0,84.48,2.0,monthly,manual,0
DEMO-0642,62.0,48.93,2.0,annual,manual,0
DEMO-0643,35.0,45.78,3.0,annual,bank_transfer,0
DEMO-0644,56.0,78.6,3.0,monthly,card,1
DEMO-0645,24.0,61.0,2.0,monthly,bank_transfer,1
DEMO-0646,34.0,41.89,2.0,monthly,manual,1
DEMO-0647,39.0,101.61,0.0,annual,card,0
DEMO-0648,70.0,106.06,0.0,annual,manual,1
DEMO-0649,62.0,36.77,1.0,monthly,bank_transfer,0
DEMO-0650,36.0,20.75,4.0,annual,manual,0
DEMO-0651,47.0,53.61,0.0,annual,manual,0
DEMO-0652,15.0,99.75,1.0,monthly,manual,1
DEMO-0653,58.0,103.92,0.0,monthly,manual,1
DEMO-0654,40.0,33.83,1.0,annual,card,0
DEMO-0655,39.0,97.43,4.0,annual,bank_transfer,1
DEMO-0656,56.0,31.57,3.0,annual,card,0
DEMO-0657,46.0,59.01,2.0,monthly,card,1
DEMO-0658,6.0,,1.0,monthly,card,1
DEMO-0659,21.0,39.26,3.0,monthly,manual,1
DEMO-0660,13.0,35.4,3.0,monthly,bank_transfer,0
DEMO-0661,53.0,62.28,0.0,monthly,manual,0
DEMO-0662,3.0,81.97,4.0,monthly,card,1
DEMO-0663,15.0,113.29,1.0,annual,card,1
DEMO-0664,44.0,118.08,0.0,annual,manual,0
DEMO-0665,51.0,26.96,0.0,annual,manual,0
DEMO-0666,37.0,33.8,2.0,annual,manual,1
DEMO-0667,62.0,99.07,3.0,monthly,card,1
DEMO-0668,67.0,47.06,1.0,annual,bank_transfer,0
DEMO-0669,10.0,108.48,2.0,monthly,card,1
DEMO-0670,69.0,86.35,3.0,annual,manual,0
DEMO-0671,45.0,31.18,2.0,annual,card,1
DEMO-0672,46.0,103.25,2.0,monthly,manual,1
DEMO-0673,7.0,37.64,1.0,annual,card,0
DEMO-0674,45.0,62.35,3.0,annual,card,0
DEMO-0675,53.0,75.22,3.0,monthly,manual,1
DEMO-0676,42.0,70.08,4.0,monthly,bank_transfer,1
DEMO-0677,7.0,88.62,1.0,annual,bank_transfer,1
DEMO-0678,38.0,85.27,1.0,monthly,bank_transfer,1
DEMO-0679,68.0,119.2,2.0,annual,card,0
DEMO-0680,53.0,119.94,0.0,monthly,manual,1
DEMO-0681,10.0,71.65,2.0,annual,bank_transfer,1
DEMO-0682,70.0,29.52,6.0,monthly,card,0
DEMO-0683,70.0,92.78,1.0,monthly,bank_transfer,1
DEMO-0684,13.0,117.67,1.0,annual,card,0
DEMO-0685,58.0,51.83,1.0,monthly,card,1
DEMO-0686,30.0,66.12,1.0,annual,bank_transfer,0
DEMO-0687,43.0,62.48,2.0,monthly,card,1
DEMO-0688,33.0,25.14,4.0,monthly,card,0
DEMO-0689,57.0,87.23,1.0,annual,bank_transfer,0
DEMO-0690,72.0,55.33,0.0,monthly,bank_transfer,0
DEMO-0691,58.0,98.75,6.0,monthly,card,1
DEMO-0692,68.0,103.21,0.0,annual,manual,0
DEMO-0693,69.0,102.12,2.0,annual,manual,0
DEMO-0694,7.0,61.67,0.0,annual,card,1
DEMO-0695,19.0,52.15,2.0,annual,card,0
DEMO-0696,52.0,94.88,0.0,annual,bank_transfer,0
DEMO-0697,43.0,100.14,2.0,annual,manual,0
DEMO-0698,4.0,69.13,4.0,annual,card,1
DEMO-0699,7.0,109.3,1.0,monthly,manual,1
DEMO-0700,38.0,34.39,0.0,annual,card,0
DEMO-0701,45.0,107.91,4.0,monthly,card,1
DEMO-0702,13.0,29.61,3.0,annual,manual,1
DEMO-0703,13.0,35.35,3.0,monthly,,0
DEMO-0704,10.0,73.38,1.0,annual,card,0
DEMO-0705,41.0,26.75,3.0,annual,manual,1
DEMO-0706,1.0,25.28,2.0,annual,bank_transfer,0
DEMO-0707,42.0,20.05,5.0,annual,bank_transfer,0
DEMO-0708,35.0,63.63,5.0,monthly,manual,1
DEMO-0709,34.0,97.46,1.0,monthly,bank_transfer,1
DEMO-0710,49.0,23.48,1.0,monthly,bank_transfer,1
DEMO-0711,38.0,85.23,2.0,annual,card,1
DEMO-0712,53.0,102.31,5.0,annual,bank_transfer,0
DEMO-0713,56.0,36.8,1.0,monthly,card,0
DEMO-0714,67.0,34.69,3.0,monthly,manual,0
DEMO-0715,58.0,106.08,4.0,monthly,bank_transfer,1
DEMO-0716,38.0,102.31,5.0,annual,card,0
DEMO-0717,36.0,73.89,4.0,monthly,manual,1
DEMO-0718,17.0,101.92,2.0,annual,card,0
DEMO-0719,44.0,29.28,0.0,annual,card,0
DEMO-0720,11.0,59.45,1.0,monthly,manual,1
DEMO-0721,68.0,93.78,1.0,monthly,manual,0
DEMO-0722,61.0,45.75,0.0,annual,manual,0
DEMO-0723,9.0,,1.0,monthly,bank_transfer,1
DEMO-0724,57.0,70.42,2.0,annual,manual,0
DEMO-0725,9.0,95.03,1.0,annual,card,0
DEMO-0726,52.0,66.47,3.0,annual,bank_transfer,0
DEMO-0727,7.0,56.79,1.0,annual,card,0
DEMO-0728,36.0,41.92,3.0,annual,bank_transfer,0
DEMO-0729,48.0,40.84,4.0,monthly,card,1
DEMO-0730,53.0,95.15,2.0,monthly,card,0
DEMO-0731,31.0,31.89,4.0,monthly,bank_transfer,1
DEMO-0732,67.0,28.6,3.0,annual,manual,1
DEMO-0733,56.0,37.63,3.0,annual,bank_transfer,1
DEMO-0734,15.0,37.53,1.0,monthly,bank_transfer,1
DEMO-0735,49.0,102.31,2.0,monthly,bank_transfer,0
DEMO-0736,53.0,59.85,2.0,annual,bank_transfer,0
DEMO-0737,25.0,119.04,1.0,monthly,card,1
DEMO-0738,54.0,33.72,5.0,annual,bank_transfer,1
DEMO-0739,65.0,85.35,3.0,annual,manual,0
DEMO-0740,59.0,64.87,3.0,monthly,card,0
DEMO-0741,55.0,59.29,0.0,monthly,bank_transfer,0
DEMO-0742,46.0,,5.0,monthly,manual,1
DEMO-0743,20.0,117.56,0.0,annual,bank_transfer,1
DEMO-0744,58.0,107.29,1.0,monthly,card,0
DEMO-0745,27.0,39.23,1.0,monthly,bank_transfer,0
DEMO-0746,39.0,42.08,1.0,annual,manual,1
DEMO-0747,23.0,85.61,1.0,monthly,card,0
DEMO-0748,23.0,48.91,2.0,annual,bank_transfer,1
DEMO-0749,12.0,93.47,4.0,monthly,manual,1
DEMO-0750,70.0,76.64,3.0,monthly,card,0
DEMO-0751,11.0,75.09,4.0,monthly,bank_transfer,1
DEMO-0752,7.0,102.85,2.0,monthly,manual,1
DEMO-0753,68.0,91.05,0.0,monthly,bank_transfer,0
DEMO-0754,40.0,22.66,4.0,annual,bank_transfer,0
DEMO-0755,32.0,24.95,3.0,monthly,card,1
DEMO-0756,54.0,80.16,1.0,annual,manual,0
DEMO-0757,28.0,68.62,2.0,annual,bank_transfer,0
DEMO-0758,10.0,46.02,2.0,annual,manual,0
DEMO-0759,53.0,61.87,2.0,annual,bank_transfer,0
DEMO-0760,13.0,95.79,1.0,monthly,bank_transfer,1
DEMO-0761,40.0,102.66,1.0,monthly,bank_transfer,1
DEMO-0762,69.0,76.12,0.0,annual,manual,0
DEMO-0763,68.0,58.54,1.0,annual,manual,0
DEMO-0764,26.0,47.07,1.0,monthly,card,0
DEMO-0765,57.0,72.19,3.0,annual,manual,1
DEMO-0766,45.0,51.47,1.0,annual,manual,1
DEMO-0767,35.0,76.41,1.0,annual,card,0
DEMO-0768,11.0,87.67,2.0,monthly,card,1
DEMO-0769,28.0,26.61,2.0,monthly,manual,1
DEMO-0770,47.0,20.11,3.0,monthly,manual,0
DEMO-0771,72.0,41.23,1.0,monthly,bank_transfer,0
DEMO-0772,1.0,109.45,1.0,monthly,bank_transfer,1
DEMO-0773,52.0,84.63,2.0,monthly,manual,0
DEMO-0774,61.0,37.2,0.0,monthly,card,0
DEMO-0775,69.0,109.03,3.0,monthly,card,0
DEMO-0776,31.0,67.0,0.0,monthly,manual,1
DEMO-0777,9.0,67.61,1.0,monthly,card,1
DEMO-0778,20.0,113.55,3.0,monthly,bank_transfer,1
DEMO-0779,62.0,25.95,0.0,annual,bank_transfer,0
DEMO-0780,64.0,41.52,0.0,annual,bank_transfer,0
DEMO-0781,46.0,78.58,2.0,annual,card,1
DEMO-0782,9.0,39.55,2.0,annual,manual,0
DEMO-0783,9.0,87.95,1.0,monthly,manual,1
DEMO-0784,35.0,41.41,6.0,annual,card,0
DEMO-0785,43.0,29.92,6.0,monthly,bank_transfer,0
DEMO-0786,3.0,40.7,4.0,annual,card,1
DEMO-0787,50.0,62.27,3.0,monthly,card,0
DEMO-0788,40.0,37.61,4.0,monthly,manual,0
DEMO-0789,1.0,33.47,4.0,monthly,bank_transfer,0
DEMO-0790,7.0,106.03,1.0,monthly,bank_transfer,0
DEMO-0791,33.0,52.04,2.0,annual,manual,0
DEMO-0792,53.0,56.08,3.0,annual,manual,1
DEMO-0793,60.0,25.53,1.0,monthly,manual,0
DEMO-0794,32.0,55.74,3.0,monthly,manual,0
DEMO-0795,22.0,46.48,1.0,annual,bank_transfer,0
DEMO-0796,70.0,81.05,2.0,annual,bank_transfer,0
DEMO-0797,34.0,40.54,2.0,annual,card,1
DEMO-0798,23.0,108.84,1.0,annual,manual,1
DEMO-0799,32.0,112.97,3.0,annual,card,0
DEMO-0800,1.0,29.98,6.0,annual,manual,0
DEMO-0801,22.0,30.74,1.0,annual,manual,1
DEMO-0802,38.0,31.53,2.0,monthly,card,0
DEMO-0803,67.0,81.96,3.0,annual,manual,1
DEMO-0804,54.0,32.2,2.0,monthly,manual,0
DEMO-0805,57.0,105.24,2.0,monthly,bank_transfer,1
DEMO-0806,40.0,95.43,1.0,annual,bank_transfer,1
DEMO-0807,8.0,101.98,1.0,monthly,manual,1
DEMO-0808,29.0,72.61,4.0,annual,bank_transfer,0
DEMO-0809,72.0,119.67,0.0,annual,card,0
DEMO-0810,4.0,24.42,1.0,monthly,card,0
DEMO-0811,64.0,60.13,1.0,monthly,manual,0
DEMO-0812,50.0,52.39,1.0,annual,bank_transfer,0
DEMO-0813,21.0,114.86,4.0,annual,card,1
DEMO-0814,57.0,77.69,1.0,annual,manual,0
DEMO-0815,61.0,100.62,2.0,monthly,card,1
DEMO-0816,4.0,37.03,3.0,annual,card,0
DEMO-0817,8.0,117.86,2.0,monthly,bank_transfer,1
DEMO-0818,48.0,69.86,2.0,monthly,card,0
DEMO-0819,72.0,69.37,3.0,monthly,bank_transfer,1
DEMO-0820,2.0,117.09,2.0,monthly,manual,1
DEMO-0821,48.0,58.07,1.0,annual,manual,0
DEMO-0822,10.0,59.75,1.0,annual,manual,1
DEMO-0823,47.0,78.48,3.0,monthly,card,0
DEMO-0824,45.0,32.81,5.0,annual,card,0
DEMO-0825,7.0,52.11,1.0,monthly,manual,0
DEMO-0826,50.0,39.32,1.0,annual,bank_transfer,0
DEMO-0827,65.0,30.33,2.0,monthly,manual,0
DEMO-0828,63.0,106.61,2.0,monthly,card,0
DEMO-0829,3.0,78.93,1.0,annual,manual,1
DEMO-0830,18.0,55.87,1.0,annual,bank_transfer,0
DEMO-0831,18.0,,3.0,annual,manual,1
DEMO-0832,33.0,63.15,2.0,annual,card,0
DEMO-0833,11.0,83.31,2.0,monthly,bank_transfer,0
DEMO-0834,62.0,112.68,0.0,monthly,manual,0
DEMO-0835,56.0,113.28,0.0,annual,bank_transfer,0
DEMO-0836,59.0,59.15,2.0,annual,bank_transfer,0
DEMO-0837,15.0,52.93,1.0,monthly,card,0
DEMO-0838,2.0,65.1,4.0,monthly,manual,1
DEMO-0839,66.0,76.79,1.0,annual,card,0
DEMO-0840,21.0,66.18,4.0,monthly,bank_transfer,1
DEMO-0841,48.0,,4.0,monthly,manual,0
DEMO-0842,66.0,75.44,1.0,annual,bank_transfer,0
DEMO-0843,3.0,52.07,0.0,monthly,bank_transfer,1
DEMO-0844,1.0,54.57,1.0,monthly,card,0
DEMO-0845,1.0,57.86,3.0,annual,bank_transfer,0
DEMO-0846,12.0,29.46,5.0,monthly,manual,1
DEMO-0847,4.0,36.61,3.0,annual,card,0
DEMO-0848,60.0,92.31,2.0,annual,bank_transfer,0
DEMO-0849,44.0,58.91,2.0,monthly,bank_transfer,0
DEMO-0850,71.0,41.45,3.0,annual,card,0
DEMO-0851,58.0,76.27,3.0,annual,manual,0
DEMO-0852,70.0,95.55,4.0,monthly,bank_transfer,0
DEMO-0853,18.0,45.74,1.0,annual,card,0
DEMO-0854,21.0,102.68,2.0,monthly,bank_transfer,0
DEMO-0855,62.0,112.75,0.0,monthly,manual,1
DEMO-0856,18.0,79.74,0.0,annual,manual,0
DEMO-0857,5.0,86.89,1.0,annual,bank_transfer,0
DEMO-0858,49.0,25.26,1.0,annual,bank_transfer,0
DEMO-0859,58.0,114.55,2.0,annual,manual,0
DEMO-0860,70.0,59.25,2.0,annual,card,0
DEMO-0861,67.0,112.39,3.0,monthly,,1
DEMO-0862,9.0,77.9,3.0,monthly,bank_transfer,1
DEMO-0863,56.0,20.46,1.0,annual,bank_transfer,0
DEMO-0864,61.0,23.85,0.0,annual,bank_transfer,0
DEMO-0865,51.0,88.04,2.0,monthly,card,1
DEMO-0866,60.0,76.27,0.0,monthly,manual,0
DEMO-0867,61.0,22.65,1.0,annual,bank_transfer,0
DEMO-0868,33.0,94.35,1.0,monthly,manual,0
DEMO-0869,3.0,105.21,2.0,monthly,manual,1
DEMO-0870,33.0,69.64,1.0,annual,manual,1
DEMO-0871,15.0,66.58,1.0,monthly,bank_transfer,1
DEMO-0872,9.0,20.55,1.0,annual,bank_transfer,0
DEMO-0873,9.0,98.66,1.0,annual,,0
DEMO-0874,51.0,53.07,2.0,annual,bank_transfer,0
DEMO-0875,37.0,107.88,1.0,annual,manual,0
DEMO-0876,39.0,57.31,1.0,annual,bank_transfer,0
DEMO-0877,54.0,76.51,4.0,annual,card,0
DEMO-0878,40.0,47.03,1.0,monthly,card,1
DEMO-0879,46.0,36.06,0.0,annual,bank_transfer,0
DEMO-0880,7.0,97.49,0.0,annual,bank_transfer,0
DEMO-0881,62.0,69.66,2.0,monthly,manual,0
DEMO-0882,33.0,73.65,3.0,monthly,manual,1
DEMO-0883,12.0,116.54,1.0,monthly,bank_transfer,0
DEMO-0884,59.0,116.36,1.0,monthly,bank_transfer,1
DEMO-0885,53.0,105.56,1.0,monthly,manual,1
DEMO-0886,4.0,38.76,1.0,annual,card,1
DEMO-0887,14.0,79.43,1.0,monthly,bank_transfer,1
DEMO-0888,2.0,107.81,2.0,monthly,bank_transfer,1
DEMO-0889,20.0,57.45,1.0,monthly,manual,1
DEMO-0890,8.0,,2.0,monthly,manual,1
DEMO-0891,52.0,101.1,5.0,annual,bank_transfer,0
DEMO-0892,38.0,68.18,3.0,monthly,bank_transfer,0
DEMO-0893,71.0,76.44,2.0,annual,manual,0
DEMO-0894,54.0,118.21,1.0,monthly,bank_transfer,1
DEMO-0895,45.0,80.72,3.0,monthly,card,1
DEMO-0896,37.0,62.5,1.0,annual,card,0
DEMO-0897,4.0,57.0,2.0,monthly,manual,0
DEMO-0898,6.0,61.76,1.0,annual,bank_transfer,0
DEMO-0899,45.0,31.84,4.0,annual,card,1
